Timestamp,Size,Source IP,Source Port,Destination IP,Destination Port,Protocol,Sequence Number,Acknowledgment Number,TSval,TSecr
2024-11-04 18:30:03.150880,602,10.5.1.12,55266,10.5.1.30,9001,TCP,1,1,177071564,2855755211
2024-11-04 18:30:03.151407,66,10.5.1.30,9001,10.5.1.12,55266,TCP,1,537,2855769784,177071564
2024-11-04 18:30:03.151811,74,10.5.1.30,56848,64.12.0.108,80,TCP,0,0,3052788372,0
2024-11-04 18:30:03.265186,74,64.12.0.108,80,10.5.1.30,56848,TCP,0,1,3750530092,3052788372
2024-11-04 18:30:03.265539,66,10.5.1.30,56848,64.12.0.108,80,TCP,1,1,3052788485,3750530092
2024-11-04 18:30:03.265726,602,10.5.1.30,9001,10.5.1.12,55266,TCP,1,537,2855769898,177071564
2024-11-04 18:30:03.270222,602,10.5.1.12,55266,10.5.1.30,9001,TCP,537,537,177071683,2855769898
2024-11-04 18:30:03.270575,66,10.5.1.30,9001,10.5.1.12,55266,TCP,537,1073,2855769903,177071683
2024-11-04 18:30:03.270855,141,10.5.1.30,56848,64.12.0.108,80,TCP,1,1,3052788491,3750530092
2024-11-04 18:30:03.404964,66,64.12.0.108,80,10.5.1.30,56848,TCP,1,76,3750530227,3052788491
2024-11-04 18:30:03.405400,615,64.12.0.108,80,10.5.1.30,56848,TCP,1,76,3750530229,3052788491
2024-11-04 18:30:03.405604,66,10.5.1.30,56848,64.12.0.108,80,TCP,76,550,3052788625,3750530229
2024-11-04 18:30:03.405998,1116,10.5.1.30,9001,10.5.1.12,55266,TCP,537,1073,2855770039,177071683
2024-11-04 18:30:03.408967,602,10.5.1.12,55266,10.5.1.30,9001,TCP,1073,1587,177071822,2855770039
2024-11-04 18:30:03.409486,66,10.5.1.30,9001,10.5.1.12,55266,TCP,1587,1609,2855770042,177071822
2024-11-04 18:30:03.409851,66,10.5.1.30,56848,64.12.0.108,80,TCP,76,550,3052788630,3750530229
2024-11-04 18:30:03.538156,66,64.12.0.108,80,10.5.1.30,56848,TCP,550,77,3750530366,3052788630
2024-11-04 18:30:03.538472,66,10.5.1.30,56848,64.12.0.108,80,TCP,77,551,3052788758,3750530366
2024-11-04 18:30:06.532217,602,10.5.1.10,42922,10.5.1.30,9001,TCP,1,1,3448501096,4091196915
2024-11-04 18:30:06.532397,602,10.5.1.20,56104,10.5.1.30,9001,TCP,1,1,2222735523,3153768447
2024-11-04 18:30:06.532496,602,10.5.1.23,40268,10.5.1.30,9001,TCP,1,1,2193482720,2657227849
2024-11-04 18:30:06.532560,602,10.5.1.12,55266,10.5.1.30,9001,TCP,1609,1587,177074945,2855770042
2024-11-04 18:30:06.532666,66,10.5.1.30,9001,10.5.1.10,42922,TCP,1,537,4091225700,3448501096
2024-11-04 18:30:06.533040,66,10.5.1.30,9001,10.5.1.12,55266,TCP,1587,2145,2855773166,177074945
2024-11-04 18:30:06.533043,66,10.5.1.30,9001,10.5.1.20,56104,TCP,1,537,3153796901,2222735523
2024-11-04 18:30:06.533043,66,10.5.1.30,9001,10.5.1.23,40268,TCP,1,537,2657256220,2193482720
2024-11-04 18:30:06.533483,602,10.5.1.23,40268,10.5.1.30,9001,TCP,537,1,2193482721,2657256220
2024-11-04 18:30:06.533682,602,10.5.1.20,56104,10.5.1.30,9001,TCP,537,1,2222735524,3153796901
2024-11-04 18:30:06.533871,66,10.5.1.30,9001,10.5.1.23,40268,TCP,1,1073,2657256221,2193482721
2024-11-04 18:30:06.534049,66,10.5.1.30,9001,10.5.1.20,56104,TCP,1,1073,3153796902,2222735524
2024-11-04 18:30:06.541312,602,10.5.1.12,55266,10.5.1.30,9001,TCP,2145,1587,177074954,2855773166
2024-11-04 18:30:06.541804,66,10.5.1.30,9001,10.5.1.12,55266,TCP,1587,2681,2855773175,177074954
2024-11-04 18:30:06.542336,602,10.5.1.30,9001,10.5.1.12,55266,TCP,1587,2681,2855773175,177074954
2024-11-04 18:30:06.543368,602,10.5.1.20,56104,10.5.1.30,9001,TCP,1073,1,2222735534,3153796902
2024-11-04 18:30:06.543714,66,10.5.1.30,9001,10.5.1.20,56104,TCP,1,1609,3153796911,2222735534
2024-11-04 18:30:06.544196,602,10.5.1.30,9001,10.5.1.20,56104,TCP,1,1609,3153796912,2222735534
2024-11-04 18:30:06.546908,602,10.5.1.10,42922,10.5.1.30,9001,TCP,537,1,3448501111,4091225700
2024-11-04 18:30:06.547146,66,10.5.1.30,9001,10.5.1.10,42922,TCP,1,1073,4091225715,3448501111
2024-11-04 18:30:06.547211,602,10.5.1.12,55266,10.5.1.30,9001,TCP,2681,2123,177074960,2855773175
2024-11-04 18:30:06.547615,602,10.5.1.30,9001,10.5.1.10,42922,TCP,1,1073,4091225715,3448501111
2024-11-04 18:30:06.550232,602,10.5.1.30,9001,10.5.1.12,55266,TCP,2123,3217,2855773183,177074960
2024-11-04 18:30:06.553764,602,10.5.1.20,56104,10.5.1.30,9001,TCP,1609,537,2222735544,3153796912
2024-11-04 18:30:06.553766,602,10.5.1.12,55266,10.5.1.30,9001,TCP,3217,2659,177074966,2855773183
2024-11-04 18:30:06.554192,602,10.5.1.30,9001,10.5.1.12,55266,TCP,2659,3753,2855773187,177074966
2024-11-04 18:30:06.556661,602,10.5.1.30,9001,10.5.1.20,56104,TCP,537,2145,3153796924,2222735544
2024-11-04 18:30:06.560143,602,10.5.1.12,55266,10.5.1.30,9001,TCP,3753,3195,177074973,2855773187
2024-11-04 18:30:06.560271,602,10.5.1.10,42922,10.5.1.30,9001,TCP,1073,537,3448501124,4091225715
2024-11-04 18:30:06.560383,602,10.5.1.30,9001,10.5.1.12,55266,TCP,3195,4289,2855773193,177074973
2024-11-04 18:30:06.562777,602,10.5.1.30,9001,10.5.1.10,42922,TCP,537,1609,4091225730,3448501124
2024-11-04 18:30:06.566825,602,10.5.1.12,55266,10.5.1.30,9001,TCP,4289,3731,177074980,2855773193
2024-11-04 18:30:06.566851,602,10.5.1.20,56104,10.5.1.30,9001,TCP,2145,1073,2222735558,3153796924
2024-11-04 18:30:06.572787,602,10.5.1.10,42922,10.5.1.30,9001,TCP,1609,1073,3448501136,4091225730
2024-11-04 18:30:06.609331,66,10.5.1.30,9001,10.5.1.20,56104,TCP,1073,2681,3153796977,2222735558
2024-11-04 18:30:06.612662,66,10.5.1.30,9001,10.5.1.12,55266,TCP,3731,4825,2855773245,177074980
2024-11-04 18:30:06.612897,602,10.5.1.12,55266,10.5.1.30,9001,TCP,4825,3731,177075026,2855773245
2024-11-04 18:30:06.613036,66,10.5.1.30,9001,10.5.1.12,55266,TCP,3731,5361,2855773246,177075026
2024-11-04 18:30:06.619331,66,10.5.1.30,9001,10.5.1.10,42922,TCP,1073,2145,4091225787,3448501136
2024-11-04 18:30:06.668857,602,10.5.1.23,40268,10.5.1.30,9001,TCP,1073,1,2193482857,2657256221
2024-11-04 18:30:06.668918,602,10.5.1.20,56104,10.5.1.30,9001,TCP,2681,1073,2222735660,3153796977
2024-11-04 18:30:06.669042,602,10.5.1.12,55266,10.5.1.30,9001,TCP,5361,3731,177075082,2855773246
2024-11-04 18:30:06.669371,66,10.5.1.30,9001,10.5.1.23,40268,TCP,1,1609,2657256356,2193482857
2024-11-04 18:30:06.669493,66,10.5.1.30,9001,10.5.1.20,56104,TCP,1073,3217,3153797037,2222735660
2024-11-04 18:30:06.669502,66,10.5.1.30,9001,10.5.1.12,55266,TCP,3731,5897,2855773302,177075082
2024-11-04 18:30:06.669721,602,10.5.1.20,56104,10.5.1.30,9001,TCP,3217,1073,2222735660,3153797037
2024-11-04 18:30:06.669885,602,10.5.1.23,40268,10.5.1.30,9001,TCP,1609,1,2193482858,2657256356
2024-11-04 18:30:06.669929,66,10.5.1.30,9001,10.5.1.20,56104,TCP,1073,3753,3153797038,2222735660
2024-11-04 18:30:06.670253,66,10.5.1.30,9001,10.5.1.23,40268,TCP,1,2145,2657256357,2193482858
2024-11-04 18:30:06.677983,602,10.5.1.11,42168,10.5.1.30,9001,TCP,1,1,136828349,3028716217
2024-11-04 18:30:06.678552,602,10.5.1.20,56104,10.5.1.30,9001,TCP,3753,1073,2222735669,3153797038
2024-11-04 18:30:06.678868,66,10.5.1.30,9001,10.5.1.20,56104,TCP,1073,4289,3153797047,2222735669
2024-11-04 18:30:06.679191,602,10.5.1.30,9001,10.5.1.11,42168,TCP,1,537,3028744586,136828349
2024-11-04 18:30:06.679709,66,10.5.1.11,42168,10.5.1.30,9001,TCP,537,537,136828350,3028744586
2024-11-04 18:30:06.683191,602,10.5.1.30,9001,10.5.1.20,56104,TCP,1073,4289,3153797051,2222735669
2024-11-04 18:30:06.683243,602,10.5.1.21,54580,10.5.1.30,9001,TCP,1,1,1843388372,3520210675
2024-11-04 18:30:06.683389,602,10.5.1.12,55266,10.5.1.30,9001,TCP,5897,3731,177075096,2855773302
2024-11-04 18:30:06.683434,66,10.5.1.30,9001,10.5.1.21,54580,TCP,1,537,3520239179,1843388372
2024-11-04 18:30:06.683724,66,10.5.1.30,9001,10.5.1.12,55266,TCP,3731,6433,2855773316,177075096
2024-11-04 18:30:06.686298,602,10.5.1.30,9001,10.5.1.12,55266,TCP,3731,6433,2855773319,177075096
2024-11-04 18:30:06.686385,602,10.5.1.11,42168,10.5.1.30,9001,TCP,537,537,136828357,3028744586
2024-11-04 18:30:06.686785,602,10.5.1.30,9001,10.5.1.21,54580,TCP,1,537,3520239182,1843388372
2024-11-04 18:30:06.690377,602,10.5.1.30,9001,10.5.1.11,42168,TCP,537,1073,3028744597,136828357
2024-11-04 18:30:06.690411,602,10.5.1.20,56104,10.5.1.30,9001,TCP,4289,1609,2222735681,3153797051
2024-11-04 18:30:06.693120,602,10.5.1.30,9001,10.5.1.20,56104,TCP,1609,4825,3153797061,2222735681
2024-11-04 18:30:06.696915,602,10.5.1.11,42168,10.5.1.30,9001,TCP,1073,1073,136828368,3028744597
2024-11-04 18:30:06.700318,602,10.5.1.21,54580,10.5.1.30,9001,TCP,537,537,1843388389,3520239182
2024-11-04 18:30:06.700431,602,10.5.1.20,56104,10.5.1.30,9001,TCP,4825,2145,2222735691,3153797061
2024-11-04 18:30:06.700467,602,10.5.1.12,55266,10.5.1.30,9001,TCP,6433,4267,177075113,2855773319
2024-11-04 18:30:06.700612,602,10.5.1.30,9001,10.5.1.21,54580,TCP,537,1073,3520239196,1843388389
2024-11-04 18:30:06.703066,602,10.5.1.30,9001,10.5.1.12,55266,TCP,4267,6969,2855773336,177075113
2024-11-04 18:30:06.739340,66,10.5.1.30,9001,10.5.1.11,42168,TCP,1073,1609,3028744646,136828368
2024-11-04 18:30:06.742663,66,10.5.1.30,9001,10.5.1.20,56104,TCP,2145,5361,3153797110,2222735691
2024-11-04 18:30:06.742691,66,10.5.1.21,54580,10.5.1.30,9001,TCP,1073,1073,1843388431,3520239196
2024-11-04 18:30:06.746040,66,10.5.1.12,55266,10.5.1.30,9001,TCP,6969,4803,177075159,2855773336
2024-11-04 18:30:06.746328,602,10.5.1.21,54580,10.5.1.30,9001,TCP,1073,1073,1843388435,3520239196
2024-11-04 18:30:06.750014,602,10.5.1.12,55266,10.5.1.30,9001,TCP,6969,4803,177075163,2855773336
2024-11-04 18:30:06.789341,66,10.5.1.30,9001,10.5.1.21,54580,TCP,1073,1609,3520239285,1843388435
2024-11-04 18:30:06.792663,66,10.5.1.30,9001,10.5.1.12,55266,TCP,4803,7505,2855773425,177075163
2024-11-04 18:30:07.227320,602,10.5.1.12,55266,10.5.1.30,9001,TCP,7505,4803,177075640,2855773425
2024-11-04 18:30:07.227728,66,10.5.1.30,9001,10.5.1.12,55266,TCP,4803,8041,2855773860,177075640
2024-11-04 18:30:07.230123,602,10.5.1.10,42922,10.5.1.30,9001,TCP,2145,1073,3448501794,4091225787
2024-11-04 18:30:07.230298,66,10.5.1.30,9001,10.5.1.10,42922,TCP,1073,2681,4091226398,3448501794
2024-11-04 18:30:07.234546,602,10.5.1.12,55266,10.5.1.30,9001,TCP,8041,4803,177075647,2855773860
2024-11-04 18:30:07.235137,66,10.5.1.30,9001,10.5.1.12,55266,TCP,4803,8577,2855773868,177075647
2024-11-04 18:30:07.235652,602,10.5.1.30,9001,10.5.1.12,55266,TCP,4803,8577,2855773868,177075647
2024-11-04 18:30:07.235863,66,10.5.1.12,55266,10.5.1.30,9001,TCP,8577,5339,177075649,2855773868
2024-11-04 18:30:07.240125,1116,10.5.1.10,42922,10.5.1.30,9001,TCP,2681,1073,3448501804,4091226398
2024-11-04 18:30:07.240467,66,10.5.1.30,9001,10.5.1.10,42922,TCP,1073,3731,4091226408,3448501804
2024-11-04 18:30:07.240890,602,10.5.1.30,9001,10.5.1.10,42922,TCP,1073,3731,4091226409,3448501804
2024-11-04 18:30:07.246634,602,10.5.1.12,55266,10.5.1.30,9001,TCP,8577,5339,177075659,2855773868
2024-11-04 18:30:07.247247,602,10.5.1.30,9001,10.5.1.12,55266,TCP,5339,9113,2855773880,177075659
2024-11-04 18:30:07.256691,602,10.5.1.12,55266,10.5.1.30,9001,TCP,9113,5875,177075669,2855773880
2024-11-04 18:30:07.276656,602,10.5.1.10,42922,10.5.1.30,9001,TCP,3731,1609,3448501840,4091226409
2024-11-04 18:30:07.299338,66,10.5.1.30,9001,10.5.1.12,55266,TCP,5875,9649,2855773932,177075669
2024-11-04 18:30:07.302609,602,10.5.1.20,56104,10.5.1.30,9001,TCP,5361,2145,2222736293,3153797110
2024-11-04 18:30:07.302843,602,10.5.1.21,54580,10.5.1.30,9001,TCP,1609,1073,1843388992,3520239285
2024-11-04 18:30:07.303280,66,10.5.1.30,9001,10.5.1.20,56104,TCP,2145,5897,3153797671,2222736293
2024-11-04 18:30:07.303303,66,10.5.1.30,9001,10.5.1.21,54580,TCP,1073,2145,3520239799,1843388992
2024-11-04 18:30:07.304639,602,10.5.1.11,42168,10.5.1.30,9001,TCP,1609,1073,136828975,3028744646
2024-11-04 18:30:07.304951,66,10.5.1.30,9001,10.5.1.11,42168,TCP,1073,2145,3028745212,136828975
2024-11-04 18:30:07.317142,602,10.5.1.11,42168,10.5.1.30,9001,TCP,2145,1073,136828988,3028745212
2024-11-04 18:30:07.317450,66,10.5.1.30,9001,10.5.1.11,42168,TCP,1073,2681,3028745224,136828988
2024-11-04 18:30:07.317960,602,10.5.1.30,9001,10.5.1.11,42168,TCP,1073,2681,3028745225,136828988
2024-11-04 18:30:07.319708,602,10.5.1.11,42168,10.5.1.30,9001,TCP,2681,1609,136828990,3028745225
2024-11-04 18:30:07.320415,602,10.5.1.21,54580,10.5.1.30,9001,TCP,2145,1073,1843389009,3520239799
2024-11-04 18:30:07.320728,602,10.5.1.30,9001,10.5.1.11,42168,TCP,1609,3217,3028745227,136828990
2024-11-04 18:30:07.320763,66,10.5.1.30,9001,10.5.1.21,54580,TCP,1073,2681,3520239816,1843389009
2024-11-04 18:30:07.322669,66,10.5.1.30,9001,10.5.1.10,42922,TCP,1609,4267,4091226490,3448501840
2024-11-04 18:30:07.322988,602,10.5.1.10,42922,10.5.1.30,9001,TCP,4267,1609,3448501887,4091226490
2024-11-04 18:30:07.323146,66,10.5.1.30,9001,10.5.1.10,42922,TCP,1609,4803,4091226491,3448501887
2024-11-04 18:30:07.323322,602,10.5.1.23,40268,10.5.1.30,9001,TCP,2145,1,2193483511,2657256357
2024-11-04 18:30:07.323326,602,10.5.1.30,9001,10.5.1.21,54580,TCP,1073,2681,3520239819,1843389009
2024-11-04 18:30:07.323462,66,10.5.1.30,9001,10.5.1.23,40268,TCP,1,2681,2657257010,2193483511
2024-11-04 18:30:07.323755,66,10.5.1.21,54580,10.5.1.30,9001,TCP,2681,1609,1843389012,3520239819
2024-11-04 18:30:07.324433,602,10.5.1.11,42168,10.5.1.30,9001,TCP,3217,2145,136828995,3028745227
2024-11-04 18:30:07.327002,602,10.5.1.30,9001,10.5.1.11,42168,TCP,2145,3753,3028745234,136828995
2024-11-04 18:30:07.327361,602,10.5.1.11,42168,10.5.1.30,9001,TCP,3753,2681,136828998,3028745234
2024-11-04 18:30:07.327648,602,10.5.1.21,54580,10.5.1.30,9001,TCP,2681,1609,1843389016,3520239819
2024-11-04 18:30:07.327761,602,10.5.1.30,9001,10.5.1.10,42922,TCP,1609,4803,4091226495,3448501887
2024-11-04 18:30:07.328168,602,10.5.1.30,9001,10.5.1.23,40268,TCP,1,2681,2657257015,2193483511
2024-11-04 18:30:07.329828,602,10.5.1.30,9001,10.5.1.11,42168,TCP,2681,4289,3028745237,136828998
2024-11-04 18:30:07.330112,602,10.5.1.23,40268,10.5.1.30,9001,TCP,2681,537,2193483518,2657257015
2024-11-04 18:30:07.330267,602,10.5.1.11,42168,10.5.1.30,9001,TCP,4289,3217,136829001,3028745237
2024-11-04 18:30:07.330730,602,10.5.1.30,9001,10.5.1.21,54580,TCP,1609,3217,3520239826,1843389016
2024-11-04 18:30:07.331465,602,10.5.1.10,42922,10.5.1.30,9001,TCP,4803,2145,3448501895,4091226495
2024-11-04 18:30:07.333173,602,10.5.1.30,9001,10.5.1.10,42922,TCP,2145,5339,4091226501,3448501895
2024-11-04 18:30:07.340223,602,10.5.1.21,54580,10.5.1.30,9001,TCP,3217,2145,1843389029,3520239826
2024-11-04 18:30:07.346750,602,10.5.1.10,42922,10.5.1.30,9001,TCP,5339,2681,3448501910,4091226501
2024-11-04 18:30:07.372668,66,10.5.1.30,9001,10.5.1.11,42168,TCP,3217,4825,3028745279,136829001
2024-11-04 18:30:07.372677,66,10.5.1.30,9001,10.5.1.23,40268,TCP,537,3217,2657257059,2193483518
2024-11-04 18:30:07.372893,602,10.5.1.11,42168,10.5.1.30,9001,TCP,4825,3217,136829044,3028745279
2024-11-04 18:30:07.373047,66,10.5.1.30,9001,10.5.1.11,42168,TCP,3217,5361,3028745280,136829044
2024-11-04 18:30:07.373220,602,10.5.1.23,40268,10.5.1.30,9001,TCP,3217,537,2193483561,2657257059
2024-11-04 18:30:07.373459,66,10.5.1.30,9001,10.5.1.23,40268,TCP,537,3753,2657257060,2193483561
2024-11-04 18:30:07.373946,602,10.5.1.30,9001,10.5.1.23,40268,TCP,537,3753,2657257061,2193483561
2024-11-04 18:30:07.377207,602,10.5.1.23,40268,10.5.1.30,9001,TCP,3753,1073,2193483565,2657257061
2024-11-04 18:30:07.382670,66,10.5.1.30,9001,10.5.1.21,54580,TCP,2145,3753,3520239878,1843389029
2024-11-04 18:30:07.389343,66,10.5.1.30,9001,10.5.1.10,42922,TCP,2681,5875,4091226557,3448501910
2024-11-04 18:30:07.390318,602,10.5.1.21,54580,10.5.1.30,9001,TCP,3753,2145,1843389079,3520239878
2024-11-04 18:30:07.390519,66,10.5.1.30,9001,10.5.1.21,54580,TCP,2145,4289,3520239886,1843389079
2024-11-04 18:30:07.390975,602,10.5.1.30,9001,10.5.1.21,54580,TCP,2145,4289,3520239887,1843389079
2024-11-04 18:30:07.396405,602,10.5.1.21,54580,10.5.1.30,9001,TCP,4289,2681,1843389085,3520239887
2024-11-04 18:30:07.396716,602,10.5.1.30,9001,10.5.1.21,54580,TCP,2681,4825,3520239892,1843389085
2024-11-04 18:30:07.403887,602,10.5.1.21,54580,10.5.1.30,9001,TCP,4825,3217,1843389093,3520239892
2024-11-04 18:30:07.422673,66,10.5.1.30,9001,10.5.1.23,40268,TCP,1073,4289,2657257109,2193483565
2024-11-04 18:30:07.446009,66,10.5.1.30,9001,10.5.1.21,54580,TCP,3217,5361,3520239942,1843389093
2024-11-04 18:30:08.023790,602,10.5.1.23,40268,10.5.1.30,9001,TCP,4289,1073,2193484211,2657257109
2024-11-04 18:30:08.023889,602,10.5.1.20,56104,10.5.1.30,9001,TCP,5897,2145,2222737015,3153797671
2024-11-04 18:30:08.024319,66,10.5.1.30,9001,10.5.1.23,40268,TCP,1073,4825,2657257711,2193484211
2024-11-04 18:30:08.024558,66,10.5.1.30,9001,10.5.1.20,56104,TCP,2145,6433,3153798392,2222737015
2024-11-04 18:30:08.026872,602,10.5.1.23,40268,10.5.1.30,9001,TCP,4825,1073,2193484215,2657257711
2024-11-04 18:30:08.027093,66,10.5.1.30,9001,10.5.1.23,40268,TCP,1073,5361,2657257714,2193484215
2024-11-04 18:30:08.030482,602,10.5.1.20,56104,10.5.1.30,9001,TCP,6433,2145,2222737021,3153798392
2024-11-04 18:30:08.030790,66,10.5.1.30,9001,10.5.1.20,56104,TCP,2145,6969,3153798398,2222737021
2024-11-04 18:30:08.034097,1630,10.5.1.20,56104,10.5.1.30,9001,TCP,6969,2145,2222737025,3153798398
2024-11-04 18:30:08.034647,66,10.5.1.30,9001,10.5.1.20,56104,TCP,2145,8533,3153798402,2222737025
2024-11-04 18:30:08.035110,602,10.5.1.30,9001,10.5.1.20,56104,TCP,2145,8533,3153798403,2222737025
2024-11-04 18:30:08.038428,602,10.5.1.20,56104,10.5.1.30,9001,TCP,8533,2681,2222737029,3153798403
2024-11-04 18:30:08.038601,602,10.5.1.30,9001,10.5.1.20,56104,TCP,2681,9069,3153798406,2222737029
2024-11-04 18:30:08.040406,1630,10.5.1.23,40268,10.5.1.30,9001,TCP,5361,1073,2193484228,2657257714
2024-11-04 18:30:08.040648,66,10.5.1.30,9001,10.5.1.23,40268,TCP,1073,6925,2657257727,2193484228
2024-11-04 18:30:08.041066,602,10.5.1.30,9001,10.5.1.23,40268,TCP,1073,6925,2657257728,2193484228
2024-11-04 18:30:08.043855,602,10.5.1.20,56104,10.5.1.30,9001,TCP,9069,3217,2222737035,3153798406
2024-11-04 18:30:08.044158,602,10.5.1.30,9001,10.5.1.20,56104,TCP,3217,9605,3153798412,2222737035
2024-11-04 18:30:08.050431,602,10.5.1.20,56104,10.5.1.30,9001,TCP,9605,3753,2222737041,3153798412
2024-11-04 18:30:08.050819,602,10.5.1.30,9001,10.5.1.20,56104,TCP,3753,10141,3153798419,2222737041
2024-11-04 18:30:08.053013,602,10.5.1.23,40268,10.5.1.30,9001,TCP,6925,1609,2193484241,2657257728
2024-11-04 18:30:08.053292,602,10.5.1.30,9001,10.5.1.23,40268,TCP,1609,7461,2657257740,2193484241
2024-11-04 18:30:08.056859,602,10.5.1.20,56104,10.5.1.30,9001,TCP,10141,4289,2222737048,3153798419
2024-11-04 18:30:08.066593,602,10.5.1.23,40268,10.5.1.30,9001,TCP,7461,2145,2193484254,2657257740
2024-11-04 18:30:08.066908,602,10.5.1.30,9001,10.5.1.23,40268,TCP,2145,7997,2657257754,2193484254
2024-11-04 18:30:08.099348,66,10.5.1.30,9001,10.5.1.20,56104,TCP,4289,10677,3153798467,2222737048
2024-11-04 18:30:08.109387,66,10.5.1.23,40268,10.5.1.30,9001,TCP,7997,2681,2193484297,2657257754
2024-11-04 18:30:08.109781,602,10.5.1.30,9001,10.5.1.23,40268,TCP,2681,7997,2657257796,2193484297
2024-11-04 18:30:08.109971,66,10.5.1.23,40268,10.5.1.30,9001,TCP,7997,3217,2193484298,2657257796
2024-11-04 18:30:08.113492,602,10.5.1.23,40268,10.5.1.30,9001,TCP,7997,3217,2193484301,2657257796
2024-11-04 18:30:08.159435,66,10.5.1.30,9001,10.5.1.23,40268,TCP,3217,8533,2657257846,2193484301
2024-11-04 18:30:08.162506,602,10.5.1.23,40268,10.5.1.30,9001,TCP,8533,3217,2193484350,2657257846
2024-11-04 18:30:08.164973,66,10.5.1.30,9001,10.5.1.23,40268,TCP,3217,9069,2657257852,2193484350
2024-11-04 18:30:08.184211,602,10.5.1.23,40268,10.5.1.30,9001,TCP,9069,3217,2193484372,2657257852
2024-11-04 18:30:08.186431,66,10.5.1.30,9001,10.5.1.23,40268,TCP,3217,9605,2657257873,2193484372
2024-11-04 18:30:08.191561,602,10.5.1.30,9001,10.5.1.23,40268,TCP,3217,9605,2657257878,2193484372
2024-11-04 18:30:08.203365,602,10.5.1.23,40268,10.5.1.30,9001,TCP,9605,3753,2193484391,2657257878
2024-11-04 18:30:08.246004,66,10.5.1.30,9001,10.5.1.23,40268,TCP,3753,10141,2657257933,2193484391
2024-11-04 18:30:08.246443,602,10.5.1.23,40268,10.5.1.30,9001,TCP,10141,3753,2193484434,2657257933
2024-11-04 18:30:08.246583,66,10.5.1.30,9001,10.5.1.23,40268,TCP,3753,10677,2657257933,2193484434
2024-11-04 18:30:08.247002,602,10.5.1.30,9001,10.5.1.23,40268,TCP,3753,10677,2657257934,2193484434
2024-11-04 18:30:08.249938,602,10.5.1.23,40268,10.5.1.30,9001,TCP,10677,4289,2193484438,2657257934
2024-11-04 18:30:08.292672,66,10.5.1.30,9001,10.5.1.23,40268,TCP,4289,11213,2657257979,2193484438
2024-11-04 18:30:08.300277,602,10.5.1.23,40268,10.5.1.30,9001,TCP,11213,4289,2193484488,2657257979
2024-11-04 18:30:08.300506,66,10.5.1.30,9001,10.5.1.23,40268,TCP,4289,11749,2657257987,2193484488
2024-11-04 18:30:08.301035,602,10.5.1.30,9001,10.5.1.23,40268,TCP,4289,11749,2657257988,2193484488
2024-11-04 18:30:08.304022,602,10.5.1.23,40268,10.5.1.30,9001,TCP,11749,4825,2193484492,2657257988
2024-11-04 18:30:08.346016,66,10.5.1.30,9001,10.5.1.23,40268,TCP,4825,12285,2657258033,2193484492
2024-11-04 18:30:08.630037,602,10.5.1.23,40268,10.5.1.30,9001,TCP,12285,4825,2193484818,2657258033
2024-11-04 18:30:08.630042,602,10.5.1.10,42922,10.5.1.30,9001,TCP,5875,2681,3448503194,4091226557
2024-11-04 18:30:08.630435,66,10.5.1.30,9001,10.5.1.23,40268,TCP,4825,12821,2657258317,2193484818
2024-11-04 18:30:08.630435,66,10.5.1.30,9001,10.5.1.10,42922,TCP,2681,6411,4091227798,3448503194
2024-11-04 18:30:08.633515,602,10.5.1.11,42168,10.5.1.30,9001,TCP,5361,3217,136830304,3028745280
2024-11-04 18:30:08.633828,66,10.5.1.30,9001,10.5.1.11,42168,TCP,3217,5897,3028746541,136830304
2024-11-04 18:30:08.646744,602,10.5.1.23,40268,10.5.1.30,9001,TCP,12821,4825,2193484834,2657258317
2024-11-04 18:30:08.647078,66,10.5.1.30,9001,10.5.1.23,40268,TCP,4825,13357,2657258334,2193484834
2024-11-04 18:30:08.647452,602,10.5.1.30,9001,10.5.1.23,40268,TCP,4825,13357,2657258334,2193484834
2024-11-04 18:30:08.649923,1116,10.5.1.11,42168,10.5.1.30,9001,TCP,5897,3217,136830321,3028746541
2024-11-04 18:30:08.650273,66,10.5.1.30,9001,10.5.1.11,42168,TCP,3217,6947,3028746557,136830321
2024-11-04 18:30:08.650793,1116,10.5.1.30,9001,10.5.1.11,42168,TCP,3217,6947,3028746558,136830321
2024-11-04 18:30:08.653347,602,10.5.1.23,40268,10.5.1.30,9001,TCP,13357,5361,2193484841,2657258334
2024-11-04 18:30:08.653722,602,10.5.1.30,9001,10.5.1.23,40268,TCP,5361,13893,2657258340,2193484841
2024-11-04 18:30:08.659792,602,10.5.1.23,40268,10.5.1.30,9001,TCP,13893,5897,2193484847,2657258340
2024-11-04 18:30:08.663936,1116,10.5.1.11,42168,10.5.1.30,9001,TCP,6947,4267,136830335,3028746558
2024-11-04 18:30:08.664556,1116,10.5.1.30,9001,10.5.1.11,42168,TCP,4267,7997,3028746571,136830335
2024-11-04 18:30:08.669722,1116,10.5.1.11,42168,10.5.1.30,9001,TCP,7997,5317,136830340,3028746571
2024-11-04 18:30:08.674632,602,10.5.1.10,42922,10.5.1.30,9001,TCP,6411,2681,3448503238,4091227798
2024-11-04 18:30:08.675088,66,10.5.1.30,9001,10.5.1.10,42922,TCP,2681,6947,4091227843,3448503238
2024-11-04 18:30:08.675559,602,10.5.1.30,9001,10.5.1.10,42922,TCP,2681,6947,4091227843,3448503238
2024-11-04 18:30:08.681027,602,10.5.1.10,42922,10.5.1.30,9001,TCP,6947,3217,3448503245,4091227843
2024-11-04 18:30:08.686324,602,10.5.1.21,54580,10.5.1.30,9001,TCP,5361,3217,1843390375,3520239942
2024-11-04 18:30:08.686639,66,10.5.1.30,9001,10.5.1.21,54580,TCP,3217,5897,3520241182,1843390375
2024-11-04 18:30:08.687096,602,10.5.1.30,9001,10.5.1.21,54580,TCP,3217,5897,3520241183,1843390375
2024-11-04 18:30:08.693528,602,10.5.1.21,54580,10.5.1.30,9001,TCP,5897,3753,1843390382,3520241183
2024-11-04 18:30:08.693903,602,10.5.1.30,9001,10.5.1.21,54580,TCP,3753,6433,3520241190,1843390382
2024-11-04 18:30:08.699827,602,10.5.1.21,54580,10.5.1.30,9001,TCP,6433,4289,1843390389,3520241190
2024-11-04 18:30:08.702677,66,10.5.1.30,9001,10.5.1.23,40268,TCP,5897,14429,2657258389,2193484847
2024-11-04 18:30:08.712668,66,10.5.1.30,9001,10.5.1.11,42168,TCP,5317,9047,3028746619,136830340
2024-11-04 18:30:08.726000,66,10.5.1.30,9001,10.5.1.10,42922,TCP,3217,7483,4091227894,3448503245
2024-11-04 18:30:08.742664,66,10.5.1.30,9001,10.5.1.21,54580,TCP,4289,6969,3520241238,1843390389
2024-11-04 18:30:08.771112,602,10.5.1.21,54580,10.5.1.30,9001,TCP,6969,4289,1843390460,3520241238
2024-11-04 18:30:08.771253,602,10.5.1.11,42168,10.5.1.30,9001,TCP,9047,5317,136830442,3028746619
2024-11-04 18:30:08.771440,602,10.5.1.12,55266,10.5.1.30,9001,TCP,9649,5875,177077184,2855773932
2024-11-04 18:30:08.771604,66,10.5.1.30,9001,10.5.1.11,42168,TCP,5317,9583,3028746678,136830442
2024-11-04 18:30:08.771604,66,10.5.1.30,9001,10.5.1.21,54580,TCP,4289,7505,3520241267,1843390460
2024-11-04 18:30:08.771633,602,10.5.1.20,56104,10.5.1.30,9001,TCP,10677,4289,2222737762,3153798467
2024-11-04 18:30:08.771706,66,10.5.1.30,9001,10.5.1.12,55266,TCP,5875,10185,2855775404,177077184
2024-11-04 18:30:08.771961,66,10.5.1.30,9001,10.5.1.20,56104,TCP,4289,11213,3153799140,2222737762
2024-11-04 18:30:08.778597,602,10.5.1.20,56104,10.5.1.30,9001,TCP,11213,4289,2222737769,3153799140
2024-11-04 18:30:08.778644,602,10.5.1.21,54580,10.5.1.30,9001,TCP,7505,4289,1843390467,3520241267
2024-11-04 18:30:08.778677,602,10.5.1.11,42168,10.5.1.30,9001,TCP,9583,5317,136830449,3028746678
2024-11-04 18:30:08.778952,66,10.5.1.30,9001,10.5.1.20,56104,TCP,4289,11749,3153799147,2222737769
2024-11-04 18:30:08.779117,66,10.5.1.30,9001,10.5.1.11,42168,TCP,5317,10119,3028746686,136830449
2024-11-04 18:30:08.779123,66,10.5.1.30,9001,10.5.1.21,54580,TCP,4289,8041,3520241275,1843390467
2024-11-04 18:30:08.779616,602,10.5.1.30,9001,10.5.1.20,56104,TCP,4289,11749,3153799147,2222737769
2024-11-04 18:30:08.779925,602,10.5.1.12,55266,10.5.1.30,9001,TCP,10185,5875,177077193,2855775404
2024-11-04 18:30:08.780157,66,10.5.1.30,9001,10.5.1.12,55266,TCP,5875,10721,2855775413,177077193
2024-11-04 18:30:08.783210,602,10.5.1.10,42922,10.5.1.30,9001,TCP,7483,3217,3448503347,4091227894
2024-11-04 18:30:08.783614,602,10.5.1.30,9001,10.5.1.11,42168,TCP,5317,10119,3028746690,136830449
2024-11-04 18:30:08.783804,66,10.5.1.30,9001,10.5.1.10,42922,TCP,3217,8019,4091227952,3448503347
2024-11-04 18:30:08.784088,602,10.5.1.30,9001,10.5.1.21,54580,TCP,4289,8041,3520241280,1843390467
2024-11-04 18:30:08.786359,602,10.5.1.11,42168,10.5.1.30,9001,TCP,10119,5853,136830457,3028746690
2024-11-04 18:30:08.786878,602,10.5.1.30,9001,10.5.1.10,42922,TCP,3217,8019,4091227955,3448503347
2024-11-04 18:30:08.789722,602,10.5.1.20,56104,10.5.1.30,9001,TCP,11749,4825,2222737780,3153799147
2024-11-04 18:30:08.789781,602,10.5.1.30,9001,10.5.1.11,42168,TCP,5853,10655,3028746696,136830457
2024-11-04 18:30:08.789815,602,10.5.1.21,54580,10.5.1.30,9001,TCP,8041,4825,1843390478,3520241280
2024-11-04 18:30:08.793539,602,10.5.1.11,42168,10.5.1.30,9001,TCP,10655,6389,136830464,3028746696
2024-11-04 18:30:08.793619,602,10.5.1.30,9001,10.5.1.21,54580,TCP,4825,8577,3520241289,1843390478
2024-11-04 18:30:08.794058,602,10.5.1.30,9001,10.5.1.20,56104,TCP,4825,12285,3153799162,2222737780
2024-11-04 18:30:08.796637,602,10.5.1.30,9001,10.5.1.11,42168,TCP,6389,11191,3028746703,136830464
2024-11-04 18:30:08.796930,602,10.5.1.21,54580,10.5.1.30,9001,TCP,8577,5361,1843390486,3520241289
2024-11-04 18:30:08.797055,602,10.5.1.10,42922,10.5.1.30,9001,TCP,8019,3753,3448503361,4091227955
2024-11-04 18:30:08.799532,602,10.5.1.30,9001,10.5.1.10,42922,TCP,3753,8555,4091227967,3448503361
2024-11-04 18:30:08.800210,602,10.5.1.11,42168,10.5.1.30,9001,TCP,11191,6925,136830471,3028746703
2024-11-04 18:30:08.800226,602,10.5.1.20,56104,10.5.1.30,9001,TCP,12285,5361,2222737791,3153799162
2024-11-04 18:30:08.802726,602,10.5.1.30,9001,10.5.1.11,42168,TCP,6925,11727,3028746709,136830471
2024-11-04 18:30:08.806423,602,10.5.1.11,42168,10.5.1.30,9001,TCP,11727,7461,136830477,3028746709
2024-11-04 18:30:08.806746,602,10.5.1.10,42922,10.5.1.30,9001,TCP,8555,4289,3448503370,4091227967
2024-11-04 18:30:08.829976,602,10.5.1.12,55266,10.5.1.30,9001,TCP,10721,5875,177077243,2855775413
2024-11-04 18:30:08.830300,66,10.5.1.30,9001,10.5.1.12,55266,TCP,5875,11257,2855775463,177077243
2024-11-04 18:30:08.830796,602,10.5.1.30,9001,10.5.1.12,55266,TCP,5875,11257,2855775463,177077243
2024-11-04 18:30:08.837044,602,10.5.1.12,55266,10.5.1.30,9001,TCP,11257,6411,177077250,2855775463
2024-11-04 18:30:08.837392,602,10.5.1.30,9001,10.5.1.12,55266,TCP,6411,11793,2855775470,177077250
2024-11-04 18:30:08.839344,66,10.5.1.30,9001,10.5.1.21,54580,TCP,5361,9113,3520241335,1843390486
2024-11-04 18:30:08.842677,66,10.5.1.30,9001,10.5.1.20,56104,TCP,5361,12821,3153799210,2222737791
2024-11-04 18:30:08.842992,602,10.5.1.20,56104,10.5.1.30,9001,TCP,12821,5361,2222737834,3153799210
2024-11-04 18:30:08.843270,66,10.5.1.30,9001,10.5.1.20,56104,TCP,5361,13357,3153799211,2222737834
2024-11-04 18:30:08.843735,602,10.5.1.12,55266,10.5.1.30,9001,TCP,11793,6947,177077256,2855775470
2024-11-04 18:30:08.844085,602,10.5.1.30,9001,10.5.1.20,56104,TCP,5361,13357,3153799212,2222737834
2024-11-04 18:30:08.845826,602,10.5.1.20,56104,10.5.1.30,9001,TCP,13357,5897,2222737837,3153799212
2024-11-04 18:30:08.849333,66,10.5.1.30,9001,10.5.1.11,42168,TCP,7461,12263,3028746756,136830477
2024-11-04 18:30:08.849613,602,10.5.1.11,42168,10.5.1.30,9001,TCP,12263,7461,136830520,3028746756
2024-11-04 18:30:08.849767,66,10.5.1.30,9001,10.5.1.11,42168,TCP,7461,12799,3028746756,136830520
2024-11-04 18:30:08.852662,66,10.5.1.30,9001,10.5.1.10,42922,TCP,4289,9091,4091228020,3448503370
2024-11-04 18:30:08.886025,66,10.5.1.30,9001,10.5.1.12,55266,TCP,6947,12329,2855775519,177077256
2024-11-04 18:30:08.889354,66,10.5.1.30,9001,10.5.1.20,56104,TCP,5897,13893,3153799257,2222737837
2024-11-04 18:30:09.085400,3172,10.5.1.30,9001,10.5.1.12,55266,TCP,6947,12329,2855775718,177077256
2024-11-04 18:30:09.086114,66,10.5.1.12,55266,10.5.1.30,9001,TCP,12329,10053,177077499,2855775718
2024-11-04 18:30:09.086483,2144,10.5.1.30,9001,10.5.1.11,42168,TCP,7461,12799,3028746993,136830520
2024-11-04 18:30:09.086508,602,10.5.1.11,42168,10.5.1.30,9001,TCP,12799,7461,136830757,3028746756
2024-11-04 18:30:09.086621,602,10.5.1.12,55266,10.5.1.30,9001,TCP,12329,10053,177077499,2855775718
2024-11-04 18:30:09.086999,66,10.5.1.30,9001,10.5.1.12,55266,TCP,10053,12865,2855775720,177077499
2024-11-04 18:30:09.087063,66,10.5.1.30,9001,10.5.1.11,42168,TCP,9539,13335,3028746994,136830757
2024-11-04 18:30:09.087072,66,10.5.1.11,42168,10.5.1.30,9001,TCP,13335,9539,136830758,3028746993
2024-11-04 18:30:09.087853,1116,10.5.1.11,42168,10.5.1.30,9001,TCP,13335,9539,136830759,3028746994
2024-11-04 18:30:09.088079,66,10.5.1.30,9001,10.5.1.11,42168,TCP,9539,14385,3028746995,136830759
2024-11-04 18:30:09.089156,602,10.5.1.30,9001,10.5.1.12,55266,TCP,10053,12865,2855775722,177077499
2024-11-04 18:30:09.089479,1116,10.5.1.12,55266,10.5.1.30,9001,TCP,12865,10053,177077502,2855775720
2024-11-04 18:30:09.089540,1116,10.5.1.30,9001,10.5.1.11,42168,TCP,9539,14385,3028746996,136830759
2024-11-04 18:30:09.090010,602,10.5.1.11,42168,10.5.1.30,9001,TCP,14385,10589,136830761,3028746996
2024-11-04 18:30:09.091375,602,10.5.1.30,9001,10.5.1.11,42168,TCP,10589,14921,3028746998,136830761
2024-11-04 18:30:09.093670,1116,10.5.1.11,42168,10.5.1.30,9001,TCP,14921,11125,136830764,3028746998
2024-11-04 18:30:09.095477,1116,10.5.1.30,9001,10.5.1.11,42168,TCP,11125,15971,3028747002,136830764
2024-11-04 18:30:09.099623,602,10.5.1.11,42168,10.5.1.30,9001,TCP,15971,12175,136830770,3028747002
2024-11-04 18:30:09.100606,602,10.5.1.30,9001,10.5.1.11,42168,TCP,12175,16507,3028747007,136830770
2024-11-04 18:30:09.103664,602,10.5.1.11,42168,10.5.1.30,9001,TCP,16507,12711,136830774,3028747007
2024-11-04 18:30:09.104514,602,10.5.1.30,9001,10.5.1.11,42168,TCP,12711,17043,3028747011,136830774
2024-11-04 18:30:09.110204,602,10.5.1.11,42168,10.5.1.30,9001,TCP,17043,13247,136830781,3028747011
2024-11-04 18:30:09.110900,602,10.5.1.30,9001,10.5.1.11,42168,TCP,13247,17579,3028747018,136830781
2024-11-04 18:30:09.116663,602,10.5.1.11,42168,10.5.1.30,9001,TCP,17579,13783,136830787,3028747018
2024-11-04 18:30:09.117296,602,10.5.1.30,9001,10.5.1.11,42168,TCP,13783,18115,3028747024,136830787
2024-11-04 18:30:09.123174,602,10.5.1.11,42168,10.5.1.30,9001,TCP,18115,14319,136830794,3028747024
2024-11-04 18:30:09.123804,602,10.5.1.30,9001,10.5.1.11,42168,TCP,14319,18651,3028747031,136830794
2024-11-04 18:30:09.126131,602,10.5.1.23,40268,10.5.1.30,9001,TCP,14429,5897,2193485314,2657258389
2024-11-04 18:30:09.126153,602,10.5.1.11,42168,10.5.1.30,9001,TCP,18651,14855,136830797,3028747031
2024-11-04 18:30:09.126249,602,10.5.1.21,54580,10.5.1.30,9001,TCP,9113,5361,1843390815,3520241335
2024-11-04 18:30:09.126553,66,10.5.1.30,9001,10.5.1.23,40268,TCP,5897,14965,2657258813,2193485314
2024-11-04 18:30:09.126687,66,10.5.1.30,9001,10.5.1.21,54580,TCP,5361,9649,3520241622,1843390815
2024-11-04 18:30:09.132688,66,10.5.1.30,9001,10.5.1.12,55266,TCP,10589,13915,2855775765,177077502
2024-11-04 18:30:09.133033,66,10.5.1.12,55266,10.5.1.30,9001,TCP,13915,10589,177077545,2855775722
2024-11-04 18:30:09.133306,1116,10.5.1.30,9001,10.5.1.12,55266,TCP,10589,13915,2855775766,177077545
2024-11-04 18:30:09.133629,1138,10.5.1.12,55266,10.5.1.30,9001,TCP,13915,10589,177077546,2855775765
2024-11-04 18:30:09.133861,66,10.5.1.30,9001,10.5.1.12,55266,TCP,11639,14987,2855775767,177077546
2024-11-04 18:30:09.134011,66,10.5.1.12,55266,10.5.1.30,9001,TCP,14987,11639,177077546,2855775766
2024-11-04 18:30:09.135417,1116,10.5.1.30,9001,10.5.1.12,55266,TCP,11639,14987,2855775768,177077546
2024-11-04 18:30:09.136146,66,10.5.1.12,55266,10.5.1.30,9001,TCP,14987,12689,177077549,2855775768
2024-11-04 18:30:09.136257,1116,10.5.1.12,55266,10.5.1.30,9001,TCP,14987,12689,177077549,2855775768
2024-11-04 18:30:09.139963,1514,10.5.1.12,55266,10.5.1.30,9001,TCP,16037,12689,177077553,2855775768
2024-11-04 18:30:09.139995,602,10.5.1.21,54580,10.5.1.30,9001,TCP,9649,5361,1843390829,3520241622
2024-11-04 18:30:09.140112,602,10.5.1.30,9001,10.5.1.12,55266,TCP,12689,16037,2855775773,177077549
2024-11-04 18:30:09.140116,602,10.5.1.20,56104,10.5.1.30,9001,TCP,13893,5897,2222738131,3153799257
2024-11-04 18:30:09.140197,66,10.5.1.30,9001,10.5.1.21,54580,TCP,5361,10185,3520241636,1843390829
2024-11-04 18:30:09.140515,66,10.5.1.30,9001,10.5.1.20,56104,TCP,5897,14429,3153799508,2222738131
2024-11-04 18:30:09.140529,182,10.5.1.12,55266,10.5.1.30,9001,TCP,17485,13225,177077553,2855775773
2024-11-04 18:30:09.140873,66,10.5.1.30,9001,10.5.1.12,55266,TCP,13225,17601,2855775774,177077553
2024-11-04 18:30:09.142565,2144,10.5.1.30,9001,10.5.1.12,55266,TCP,13225,17601,2855775775,177077553
2024-11-04 18:30:09.143002,66,10.5.1.12,55266,10.5.1.30,9001,TCP,17601,15303,177077556,2855775775
2024-11-04 18:30:09.143017,602,10.5.1.30,9001,10.5.1.21,54580,TCP,5361,10185,3520241639,1843390829
2024-11-04 18:30:09.143399,602,10.5.1.12,55266,10.5.1.30,9001,TCP,17601,15303,177077556,2855775775
2024-11-04 18:30:09.143428,602,10.5.1.30,9001,10.5.1.20,56104,TCP,5897,14429,3153799511,2222738131
2024-11-04 18:30:09.146665,602,10.5.1.21,54580,10.5.1.30,9001,TCP,10185,5897,1843390835,3520241639
2024-11-04 18:30:09.146913,1116,10.5.1.30,9001,10.5.1.12,55266,TCP,15303,18137,2855775780,177077556
2024-11-04 18:30:09.147431,1116,10.5.1.12,55266,10.5.1.30,9001,TCP,18137,16353,177077560,2855775780
2024-11-04 18:30:09.149232,1116,10.5.1.30,9001,10.5.1.12,55266,TCP,16353,19187,2855775782,177077560
2024-11-04 18:30:09.149701,602,10.5.1.30,9001,10.5.1.21,54580,TCP,5897,10721,3520241645,1843390835
2024-11-04 18:30:09.149786,602,10.5.1.12,55266,10.5.1.30,9001,TCP,19187,17403,177077562,2855775782
2024-11-04 18:30:09.150042,602,10.5.1.20,56104,10.5.1.30,9001,TCP,14429,6433,2222738141,3153799511
2024-11-04 18:30:09.150087,602,10.5.1.21,54580,10.5.1.30,9001,TCP,10721,6433,1843390839,3520241645
2024-11-04 18:30:09.153084,1514,10.5.1.12,55266,10.5.1.30,9001,TCP,19723,17403,177077566,2855775782
2024-11-04 18:30:09.153328,602,10.5.1.30,9001,10.5.1.12,55266,TCP,17403,19723,2855775786,177077562
2024-11-04 18:30:09.153800,696,10.5.1.12,55266,10.5.1.30,9001,TCP,21171,17939,177077566,2855775786
2024-11-04 18:30:09.154227,602,10.5.1.30,9001,10.5.1.21,54580,TCP,6433,11257,3520241650,1843390839
2024-11-04 18:30:09.154562,602,10.5.1.30,9001,10.5.1.20,56104,TCP,6433,14965,3153799522,2222738141
2024-11-04 18:30:09.154958,66,10.5.1.30,9001,10.5.1.12,55266,TCP,17939,21801,2855775788,177077566
2024-11-04 18:30:09.155317,602,10.5.1.12,55266,10.5.1.30,9001,TCP,21801,17939,177077568,2855775788
2024-11-04 18:30:09.156228,602,10.5.1.21,54580,10.5.1.30,9001,TCP,11257,6969,1843390845,3520241650
2024-11-04 18:30:09.157237,602,10.5.1.30,9001,10.5.1.12,55266,TCP,17939,22337,2855775790,177077568
2024-11-04 18:30:09.157710,602,10.5.1.12,55266,10.5.1.30,9001,TCP,22337,18475,177077570,2855775790
2024-11-04 18:30:09.158184,2144,10.5.1.30,9001,10.5.1.12,55266,TCP,18475,22873,2855775791,177077570
2024-11-04 18:30:09.158725,66,10.5.1.12,55266,10.5.1.30,9001,TCP,22873,20553,177077571,2855775791
2024-11-04 18:30:09.159175,1116,10.5.1.12,55266,10.5.1.30,9001,TCP,22873,20553,177077572,2855775791
2024-11-04 18:30:09.159249,602,10.5.1.30,9001,10.5.1.12,55266,TCP,20553,22873,2855775792,177077571
2024-11-04 18:30:09.159966,602,10.5.1.20,56104,10.5.1.30,9001,TCP,14965,6969,2222738151,3153799522
2024-11-04 18:30:09.166831,1514,10.5.1.12,55266,10.5.1.30,9001,TCP,23923,21089,177077580,2855775792
2024-11-04 18:30:09.167183,1116,10.5.1.30,9001,10.5.1.12,55266,TCP,21089,25371,2855775800,177077572
2024-11-04 18:30:09.167373,204,10.5.1.12,55266,10.5.1.30,9001,TCP,25371,22139,177077580,2855775800
2024-11-04 18:30:09.167689,602,10.5.1.30,9001,10.5.1.12,55266,TCP,22139,25509,2855775800,177077580
2024-11-04 18:30:09.169337,66,10.5.1.30,9001,10.5.1.11,42168,TCP,14855,19187,3028747076,136830797
2024-11-04 18:30:09.169600,602,10.5.1.11,42168,10.5.1.30,9001,TCP,19187,14855,136830840,3028747076
2024-11-04 18:30:09.169842,66,10.5.1.30,9001,10.5.1.11,42168,TCP,14855,19723,3028747077,136830840
2024-11-04 18:30:09.170286,602,10.5.1.30,9001,10.5.1.11,42168,TCP,14855,19723,3028747077,136830840
2024-11-04 18:30:09.170338,1116,10.5.1.12,55266,10.5.1.30,9001,TCP,25509,22675,177077583,2855775800
2024-11-04 18:30:09.170580,602,10.5.1.30,9001,10.5.1.12,55266,TCP,22675,26559,2855775803,177077583
2024-11-04 18:30:09.170906,602,10.5.1.11,42168,10.5.1.30,9001,TCP,19723,15391,136830842,3028747077
2024-11-04 18:30:09.171085,602,10.5.1.30,9001,10.5.1.11,42168,TCP,15391,20259,3028747078,136830842
2024-11-04 18:30:09.172813,602,10.5.1.11,42168,10.5.1.30,9001,TCP,20259,15927,136830844,3028747078
2024-11-04 18:30:09.173009,602,10.5.1.30,9001,10.5.1.11,42168,TCP,15927,20795,3028747080,136830844
2024-11-04 18:30:09.176173,602,10.5.1.12,55266,10.5.1.30,9001,TCP,26559,23211,177077589,2855775803
2024-11-04 18:30:09.176437,1116,10.5.1.30,9001,10.5.1.12,55266,TCP,23211,27095,2855775809,177077589
2024-11-04 18:30:09.183567,602,10.5.1.12,55266,10.5.1.30,9001,TCP,27095,24261,177077596,2855775809
2024-11-04 18:30:09.202675,66,10.5.1.30,9001,10.5.1.20,56104,TCP,6969,15501,3153799570,2222738151
2024-11-04 18:30:09.202675,66,10.5.1.30,9001,10.5.1.21,54580,TCP,6969,11793,3520241698,1843390845
2024-11-04 18:30:09.202980,602,10.5.1.21,54580,10.5.1.30,9001,TCP,11793,6969,1843390892,3520241698
2024-11-04 18:30:09.203131,66,10.5.1.30,9001,10.5.1.21,54580,TCP,6969,12329,3520241699,1843390892
2024-11-04 18:30:09.203350,602,10.5.1.30,9001,10.5.1.21,54580,TCP,6969,12329,3520241699,1843390892
2024-11-04 18:30:09.206288,602,10.5.1.21,54580,10.5.1.30,9001,TCP,12329,7505,1843390895,3520241699
2024-11-04 18:30:09.216519,602,10.5.1.11,42168,10.5.1.30,9001,TCP,20795,16463,136830887,3028747080
2024-11-04 18:30:09.216785,1138,10.5.1.30,9001,10.5.1.11,42168,TCP,16463,21331,3028747123,136830887
2024-11-04 18:30:09.219360,602,10.5.1.11,42168,10.5.1.30,9001,TCP,21331,17535,136830890,3028747123
2024-11-04 18:30:09.219532,602,10.5.1.30,9001,10.5.1.11,42168,TCP,17535,21867,3028747126,136830890
2024-11-04 18:30:09.229337,66,10.5.1.30,9001,10.5.1.12,55266,TCP,24261,27631,2855775862,177077596
2024-11-04 18:30:09.229694,602,10.5.1.12,55266,10.5.1.30,9001,TCP,27631,24261,177077642,2855775862
2024-11-04 18:30:09.229959,66,10.5.1.30,9001,10.5.1.12,55266,TCP,24261,28167,2855775863,177077642
2024-11-04 18:30:09.230995,602,10.5.1.30,9001,10.5.1.12,55266,TCP,24261,28167,2855775864,177077642
2024-11-04 18:30:09.232005,602,10.5.1.12,55266,10.5.1.30,9001,TCP,28167,24797,177077645,2855775864
2024-11-04 18:30:09.232223,602,10.5.1.30,9001,10.5.1.12,55266,TCP,24797,28703,2855775865,177077645
2024-11-04 18:30:09.249334,66,10.5.1.30,9001,10.5.1.21,54580,TCP,7505,12865,3520241745,1843390895
2024-11-04 18:30:09.250111,602,10.5.1.12,55266,10.5.1.30,9001,TCP,28703,25333,177077663,2855775865
2024-11-04 18:30:09.250587,602,10.5.1.30,9001,10.5.1.12,55266,TCP,25333,29239,2855775883,177077663
2024-11-04 18:30:09.257049,602,10.5.1.12,55266,10.5.1.30,9001,TCP,29239,25869,177077670,2855775883
2024-11-04 18:30:09.257413,1138,10.5.1.30,9001,10.5.1.12,55266,TCP,25869,29775,2855775890,177077670
2024-11-04 18:30:09.259616,602,10.5.1.12,55266,10.5.1.30,9001,TCP,29775,26941,177077672,2855775890
2024-11-04 18:30:09.259986,602,10.5.1.30,9001,10.5.1.12,55266,TCP,26941,30311,2855775893,177077672
2024-11-04 18:30:09.262684,66,10.5.1.11,42168,10.5.1.30,9001,TCP,21867,18071,136830933,3028747126
2024-11-04 18:30:09.263051,602,10.5.1.30,9001,10.5.1.11,42168,TCP,18071,21867,3028747170,136830933
2024-11-04 18:30:09.263267,66,10.5.1.11,42168,10.5.1.30,9001,TCP,21867,18607,136830934,3028747170
2024-11-04 18:30:09.266696,602,10.5.1.11,42168,10.5.1.30,9001,TCP,21867,18607,136830937,3028747170
2024-11-04 18:30:09.267400,602,10.5.1.30,9001,10.5.1.11,42168,TCP,18607,22403,3028747174,136830937
2024-11-04 18:30:09.269581,602,10.5.1.12,55266,10.5.1.30,9001,TCP,30311,27477,177077682,2855775893
2024-11-04 18:30:09.269893,602,10.5.1.30,9001,10.5.1.12,55266,TCP,27477,30847,2855775903,177077682
2024-11-04 18:30:09.276618,602,10.5.1.12,55266,10.5.1.30,9001,TCP,30847,28013,177077689,2855775903
2024-11-04 18:30:09.276948,602,10.5.1.30,9001,10.5.1.12,55266,TCP,28013,31383,2855775910,177077689
2024-11-04 18:30:09.283292,602,10.5.1.12,55266,10.5.1.30,9001,TCP,31383,28549,177077696,2855775910
2024-11-04 18:30:09.283723,602,10.5.1.30,9001,10.5.1.12,55266,TCP,28549,31919,2855775916,177077696
2024-11-04 18:30:09.290320,602,10.5.1.12,55266,10.5.1.30,9001,TCP,31919,29085,177077703,2855775916
2024-11-04 18:30:09.290581,602,10.5.1.30,9001,10.5.1.12,55266,TCP,29085,32455,2855775923,177077703
2024-11-04 18:30:09.306220,602,10.5.1.11,42168,10.5.1.30,9001,TCP,22403,19143,136830977,3028747174
2024-11-04 18:30:09.307311,602,10.5.1.30,9001,10.5.1.11,42168,TCP,19143,22939,3028747214,136830977
2024-11-04 18:30:09.332728,66,10.5.1.12,55266,10.5.1.30,9001,TCP,32455,29621,177077745,2855775923
2024-11-04 18:30:09.333282,602,10.5.1.30,9001,10.5.1.12,55266,TCP,29621,32455,2855775966,177077745
2024-11-04 18:30:09.333801,66,10.5.1.12,55266,10.5.1.30,9001,TCP,32455,30157,177077746,2855775966
2024-11-04 18:30:09.340053,602,10.5.1.12,55266,10.5.1.30,9001,TCP,32455,30157,177077753,2855775966
2024-11-04 18:30:09.340685,602,10.5.1.30,9001,10.5.1.12,55266,TCP,30157,32991,2855775973,177077753
2024-11-04 18:30:09.349393,66,10.5.1.11,42168,10.5.1.30,9001,TCP,22939,19679,136831020,3028747214
2024-11-04 18:30:09.350321,602,10.5.1.11,42168,10.5.1.30,9001,TCP,22939,19679,136831021,3028747214
2024-11-04 18:30:09.351067,602,10.5.1.30,9001,10.5.1.11,42168,TCP,19679,23475,3028747258,136831021
2024-11-04 18:30:09.351451,66,10.5.1.11,42168,10.5.1.30,9001,TCP,23475,20215,136831022,3028747258
2024-11-04 18:30:09.382693,66,10.5.1.12,55266,10.5.1.30,9001,TCP,32991,30693,177077795,2855775973
2024-11-04 18:30:10.086804,602,10.5.1.30,9001,10.5.1.12,55266,TCP,30693,32991,2855776719,177077795
2024-11-04 18:30:10.087310,66,10.5.1.12,55266,10.5.1.30,9001,TCP,32991,31229,177078500,2855776719
2024-11-04 18:30:10.087501,602,10.5.1.30,9001,10.5.1.11,42168,TCP,20215,23475,3028747994,136831022
2024-11-04 18:30:10.087720,66,10.5.1.11,42168,10.5.1.30,9001,TCP,23475,20751,136831758,3028747994
2024-11-04 18:30:10.087743,602,10.5.1.12,55266,10.5.1.30,9001,TCP,32991,31229,177078500,2855776719
2024-11-04 18:30:10.088132,602,10.5.1.11,42168,10.5.1.30,9001,TCP,23475,20751,136831759,3028747994
2024-11-04 18:30:10.089219,602,10.5.1.30,9001,10.5.1.12,55266,TCP,31229,33527,2855776722,177078500
2024-11-04 18:30:10.089738,602,10.5.1.30,9001,10.5.1.11,42168,TCP,20751,24011,3028747996,136831759
2024-11-04 18:30:10.092834,602,10.5.1.12,55266,10.5.1.30,9001,TCP,33527,31765,177078505,2855776722
2024-11-04 18:30:10.092931,602,10.5.1.11,42168,10.5.1.30,9001,TCP,24011,21287,136831764,3028747996
2024-11-04 18:30:10.095005,602,10.5.1.30,9001,10.5.1.12,55266,TCP,31765,34063,2855776728,177078505
2024-11-04 18:30:10.095450,602,10.5.1.30,9001,10.5.1.11,42168,TCP,21287,24547,3028748002,136831764
2024-11-04 18:30:10.100134,602,10.5.1.12,55266,10.5.1.30,9001,TCP,34063,32301,177078513,2855776728
2024-11-04 18:30:10.100436,602,10.5.1.11,42168,10.5.1.30,9001,TCP,24547,21823,136831771,3028748002
